title,price,rating,colors,size,gender,timestamp
T-shirt 2,1634400.0,3.9,3,M,Women,2025-05-20T07:47:19.937905
Hoodie 3,7950080.0,4.8,3,L,Unisex,2025-05-20T07:47:19.938624
Pants 4,7476960.0,3.3,3,XL,Men,2025-05-20T07:47:19.939323
Outerwear 5,5145440.0,3.5,3,XXL,Women,2025-05-20T07:47:19.940031
Jacket 6,2453920.0,3.3,3,S,Unisex,2025-05-20T07:47:19.940781
Crewneck 7,6892000.0,4.3,3,M,Men,2025-05-20T07:47:19.941484
T-shirt 8,7802560.0,3.1,3,L,Women,2025-05-20T07:47:19.942202
Hoodie 9,3972160.0,3.2,3,XL,Unisex,2025-05-20T07:47:19.942948
Pants 10,3100160.0,4.2,3,XXL,Men,2025-05-20T07:47:19.943715
Jacket 12,8527840.0,3.9,3,M,Unisex,2025-05-20T07:47:19.945134
Crewneck 13,5447200.0,3.2,3,L,Men,2025-05-20T07:47:19.946850
T-shirt 14,3248800.0,3.8,3,XL,Women,2025-05-20T07:47:19.947603
Hoodie 15,2184160.0,3.6,3,XXL,Unisex,2025-05-20T07:47:19.948343
Outerwear 17,841600.0,3.8,3,M,Women,2025-05-20T07:47:19.949874
Jacket 18,5500000.0,3.8,3,L,Unisex,2025-05-20T07:47:19.950568
Crewneck 19,1308960.0,3.6,3,XL,Men,2025-05-20T07:47:19.951387
T-shirt 20,1325600.0,3.4,3,XXL,Women,2025-05-20T07:47:19.953424
Pants 22,4319680.0,4.9,3,M,Men,2025-05-20T07:47:20.023375
Outerwear 23,4655840.0,3.7,3,L,Women,2025-05-20T07:47:20.024115
Jacket 24,8223520.0,3.9,3,XL,Unisex,2025-05-20T07:47:20.024900
Crewneck 25,8322559.999999999,3.3,3,XXL,Men,2025-05-20T07:47:20.025610
T-shirt 26,7292320.0,4.6,3,S,Women,2025-05-20T07:47:20.026339
Hoodie 27,3551840.0,4.8,3,M,Unisex,2025-05-20T07:47:20.027064
Pants 28,5216160.0,4.0,3,L,Men,2025-05-20T07:47:20.027796
Outerwear 29,861600.0,3.1,3,XL,Women,2025-05-20T07:47:20.028525
Jacket 30,8610240.0,3.7,3,XXL,Unisex,2025-05-20T07:47:20.029246
T-shirt 32,6657920.0,3.4,3,M,Women,2025-05-20T07:47:20.030712
Hoodie 33,7248160.0,3.5,3,L,Unisex,2025-05-20T07:47:20.031418
Pants 34,8362719.999999999,3.8,3,XL,Men,2025-05-20T07:47:20.032144
Outerwear 35,1356160.0,3.8,3,XXL,Women,2025-05-20T07:47:20.032875
Jacket 36,7249280.0,3.7,3,S,Unisex,2025-05-20T07:47:20.033557
Crewneck 37,6006080.0,4.0,3,M,Men,2025-05-20T07:47:20.034280
T-shirt 38,4866080.0,3.2,3,L,Women,2025-05-20T07:47:20.035030
Hoodie 39,6431200.0,4.6,3,XL,Unisex,2025-05-20T07:47:20.035870
Pants 40,5853600.0,3.1,3,XXL,Men,2025-05-20T07:47:20.036583
Jacket 42,6744160.0,3.7,3,M,Unisex,2025-05-20T07:47:20.102693
Crewneck 43,2909600.0,4.5,3,L,Men,2025-05-20T07:47:20.103465
T-shirt 44,3312320.0,3.0,3,XL,Women,2025-05-20T07:47:20.104381
Hoodie 45,8693120.0,4.5,3,XXL,Unisex,2025-05-20T07:47:20.105103
Outerwear 47,6364640.0,3.2,3,M,Women,2025-05-20T07:47:20.106556
Jacket 48,4994720.0,3.4,3,L,Unisex,2025-05-20T07:47:20.107296
Crewneck 49,1071200.0,4.0,3,XL,Men,2025-05-20T07:47:20.108068
T-shirt 50,5932960.0,3.1,3,XXL,Women,2025-05-20T07:47:20.108837
Pants 52,1596480.0,4.0,3,M,Men,2025-05-20T07:47:20.110334
Outerwear 53,4470880.0,4.3,3,L,Women,2025-05-20T07:47:20.111115
Jacket 54,854560.0,4.2,3,XL,Unisex,2025-05-20T07:47:20.111879
Crewneck 55,1793760.0,3.6,3,XXL,Men,2025-05-20T07:47:20.112625
T-shirt 56,4643040.0,3.8,3,S,Women,2025-05-20T07:47:20.113408
Hoodie 57,3155360.0,4.9,3,M,Unisex,2025-05-20T07:47:20.114180
Pants 58,1637760.0,4.4,3,L,Men,2025-05-20T07:47:20.114998
Outerwear 59,2254240.0,4.6,3,XL,Women,2025-05-20T07:47:20.115861
Jacket 60,3375520.0,4.2,3,XXL,Unisex,2025-05-20T07:47:20.116583
T-shirt 62,1376480.0,3.8,3,M,Women,2025-05-20T07:47:20.169907
Hoodie 63,6479200.0,3.6,3,L,Unisex,2025-05-20T07:47:20.170320
Pants 64,7728480.0,4.0,3,XL,Men,2025-05-20T07:47:20.170755
Outerwear 65,2385920.0,4.1,3,XXL,Women,2025-05-20T07:47:20.171178
Jacket 66,4353120.0,3.5,3,S,Unisex,2025-05-20T07:47:20.171603
Crewneck 67,8470720.0,3.5,3,M,Men,2025-05-20T07:47:20.172022
T-shirt 68,8025280.0,4.0,3,L,Women,2025-05-20T07:47:20.172442
Hoodie 69,1027839.9999999999,3.6,3,XL,Unisex,2025-05-20T07:47:20.172866
Pants 70,1171360.0,4.4,3,XXL,Men,2025-05-20T07:47:20.173277
Jacket 72,3776000.0,4.4,3,M,Unisex,2025-05-20T07:47:20.174126
Crewneck 73,2460320.0,3.0,3,L,Men,2025-05-20T07:47:20.174546
T-shirt 74,7704800.0,3.8,3,XL,Women,2025-05-20T07:47:20.174965
Hoodie 75,2101760.0,4.3,3,XXL,Unisex,2025-05-20T07:47:20.175401
Outerwear 77,861760.0,3.7,3,M,Women,2025-05-20T07:47:20.176253
Jacket 78,2716480.0,4.3,3,L,Unisex,2025-05-20T07:47:20.176686
Crewneck 79,3309600.0,4.6,3,XL,Men,2025-05-20T07:47:20.177100
T-shirt 80,4178399.9999999995,4.5,3,XXL,Women,2025-05-20T07:47:20.177521
Pants 82,8315520.0,4.8,3,M,Men,2025-05-20T07:47:20.284865
Outerwear 83,3947840.0,3.7,3,L,Women,2025-05-20T07:47:20.285624
Jacket 84,2826080.0,4.8,3,XL,Unisex,2025-05-20T07:47:20.286376
Crewneck 85,4564160.0,3.5,3,XXL,Men,2025-05-20T07:47:20.286893
T-shirt 86,1670880.0,3.9,3,S,Women,2025-05-20T07:47:20.287326
Hoodie 87,7870240.0,4.3,3,M,Unisex,2025-05-20T07:47:20.287799
Pants 88,7590400.0,3.1,3,L,Men,2025-05-20T07:47:20.288227
Outerwear 89,4856320.0,3.0,3,XL,Women,2025-05-20T07:47:20.288691
Jacket 90,7160000.0,4.0,3,XXL,Unisex,2025-05-20T07:47:20.289118
T-shirt 92,5012320.0,3.5,3,M,Women,2025-05-20T07:47:20.290024
Hoodie 93,1365280.0,3.6,3,L,Unisex,2025-05-20T07:47:20.290459
Pants 94,1074880.0,4.3,3,XL,Men,2025-05-20T07:47:20.290937
Outerwear 95,6062240.0,3.5,3,XXL,Women,2025-05-20T07:47:20.291387
Jacket 96,4598240.0,4.9,3,S,Unisex,2025-05-20T07:47:20.291871
Crewneck 97,6113120.0,3.9,3,M,Men,2025-05-20T07:47:20.292296
T-shirt 98,8596960.0,3.1,3,L,Women,2025-05-20T07:47:20.292827
Hoodie 99,5028000.0,3.6,3,XL,Unisex,2025-05-20T07:47:20.293496
Pants 100,2217280.0,4.6,3,XXL,Men,2025-05-20T07:47:20.294262
Jacket 102,3840640.0,3.3,3,M,Unisex,2025-05-20T07:47:20.350517
Crewneck 103,2331680.0,3.5,3,L,Men,2025-05-20T07:47:20.350953
T-shirt 104,2374400.0,3.8,3,XL,Women,2025-05-20T07:47:20.351376
Hoodie 105,5019840.0,4.2,3,XXL,Unisex,2025-05-20T07:47:20.351816
Outerwear 107,6625120.0,4.0,3,M,Women,2025-05-20T07:47:20.352697
Jacket 108,5551680.0,4.8,3,L,Unisex,2025-05-20T07:47:20.353120
Crewneck 109,5886880.0,3.3,3,XL,Men,2025-05-20T07:47:20.353563
T-shirt 110,7197120.0,4.6,3,XXL,Women,2025-05-20T07:47:20.354041
Pants 112,4261920.0,3.3,3,M,Men,2025-05-20T07:47:20.354908
Outerwear 113,4472000.0,3.7,3,L,Women,2025-05-20T07:47:20.355427
Jacket 114,5386560.0,4.9,3,XL,Unisex,2025-05-20T07:47:20.355877
Crewneck 115,1933280.0,4.5,3,XXL,Men,2025-05-20T07:47:20.356300
T-shirt 116,3474560.0,3.0,3,S,Women,2025-05-20T07:47:20.356733
Hoodie 117,3376320.0,5.0,3,M,Unisex,2025-05-20T07:47:20.357148
Pants 118,5585440.0,3.2,3,L,Men,2025-05-20T07:47:20.357574
Outerwear 119,3561760.0,3.4,3,XL,Women,2025-05-20T07:47:20.358006
Jacket 120,7480320.0,4.0,3,XXL,Unisex,2025-05-20T07:47:20.358424
T-shirt 122,1961920.0,3.6,3,M,Women,2025-05-20T07:47:20.414199
Hoodie 123,4498080.0,3.8,3,L,Unisex,2025-05-20T07:47:20.414632
Pants 124,7023520.0,3.2,3,XL,Men,2025-05-20T07:47:20.415095
Outerwear 125,6998240.0,4.2,3,XXL,Women,2025-05-20T07:47:20.415542
Jacket 126,4426080.0,3.9,3,S,Unisex,2025-05-20T07:47:20.416000
Crewneck 127,8311680.0,4.0,3,M,Men,2025-05-20T07:47:20.416426
T-shirt 128,4466720.0,3.8,3,L,Women,2025-05-20T07:47:20.416880
Hoodie 129,2532480.0,4.5,3,XL,Unisex,2025-05-20T07:47:20.417306
Pants 130,6603520.0,4.8,3,XXL,Men,2025-05-20T07:47:20.417775
Jacket 132,6474880.0,4.2,3,M,Unisex,2025-05-20T07:47:20.418617
Crewneck 133,2016320.0,4.7,3,L,Men,2025-05-20T07:47:20.419103
T-shirt 134,5937440.0,3.2,3,XL,Women,2025-05-20T07:47:20.419556
Hoodie 135,5141440.0,4.7,3,XXL,Unisex,2025-05-20T07:47:20.420052
Outerwear 137,6988320.0,4.5,3,M,Women,2025-05-20T07:47:20.420945
Jacket 138,4635520.0,3.4,3,L,Unisex,2025-05-20T07:47:20.421362
Crewneck 139,8053120.0,4.5,3,XL,Men,2025-05-20T07:47:20.421797
T-shirt 140,6811040.0,3.5,3,XXL,Women,2025-05-20T07:47:20.422213
Pants 142,2325280.0,4.9,3,M,Men,2025-05-20T07:47:20.476134
Outerwear 143,3346560.0,4.9,3,L,Women,2025-05-20T07:47:20.476564
Jacket 144,5758240.0,4.3,3,XL,Unisex,2025-05-20T07:47:20.477008
Crewneck 145,3472800.0,4.8,3,XXL,Men,2025-05-20T07:47:20.477437
T-shirt 146,7688640.0,4.3,3,S,Women,2025-05-20T07:47:20.477870
Hoodie 147,3052800.0,5.0,3,M,Unisex,2025-05-20T07:47:20.478288
Pants 148,6033440.0,4.7,3,L,Men,2025-05-20T07:47:20.478721
Outerwear 149,3105920.0,3.2,3,XL,Women,2025-05-20T07:47:20.479137
Jacket 150,1500640.0,3.6,3,XXL,Unisex,2025-05-20T07:47:20.479559
T-shirt 152,6288640.0,4.2,3,M,Women,2025-05-20T07:47:20.480404
Hoodie 153,2660640.0,4.3,3,L,Unisex,2025-05-20T07:47:20.480826
Pants 154,2337440.0,3.0,3,XL,Men,2025-05-20T07:47:20.481250
Outerwear 155,3783200.0,4.1,3,XXL,Women,2025-05-20T07:47:20.481689
Jacket 156,6645120.0,3.6,3,S,Unisex,2025-05-20T07:47:20.482109
Crewneck 157,1105760.0,4.0,3,M,Men,2025-05-20T07:47:20.482536
T-shirt 158,7321120.0,4.0,3,L,Women,2025-05-20T07:47:20.483008
Hoodie 159,2371680.0,4.9,3,XL,Unisex,2025-05-20T07:47:20.483442
Pants 160,2802880.0,3.4,3,XXL,Men,2025-05-20T07:47:20.483871
Jacket 162,1543840.0,4.5,3,M,Unisex,2025-05-20T07:47:20.538400
Crewneck 163,7861920.0,4.4,3,L,Men,2025-05-20T07:47:20.538915
T-shirt 164,3512000.0,3.9,3,XL,Women,2025-05-20T07:47:20.539334
Hoodie 165,6921280.0,4.9,3,XXL,Unisex,2025-05-20T07:47:20.539766
Outerwear 167,3273760.0,3.1,3,M,Women,2025-05-20T07:47:20.540621
Jacket 168,870400.0,4.4,3,L,Unisex,2025-05-20T07:47:20.541057
Crewneck 169,8032800.0,4.7,3,XL,Men,2025-05-20T07:47:20.541479
T-shirt 170,6677920.0,4.5,3,XXL,Women,2025-05-20T07:47:20.541917
Pants 172,1566080.0,4.9,3,M,Men,2025-05-20T07:47:20.542773
Outerwear 173,7034560.0,4.6,3,L,Women,2025-05-20T07:47:20.543196
Jacket 174,6282240.0,3.3,3,XL,Unisex,2025-05-20T07:47:20.543623
Crewneck 175,8125120.0,4.5,3,XXL,Men,2025-05-20T07:47:20.544115
T-shirt 176,6104320.0,3.6,3,S,Women,2025-05-20T07:47:20.544542
Hoodie 177,1890400.0,4.6,3,M,Unisex,2025-05-20T07:47:20.544982
Pants 178,6184160.0,3.0,3,L,Men,2025-05-20T07:47:20.545402
Outerwear 179,5816640.0,3.5,3,XL,Women,2025-05-20T07:47:20.545835
Jacket 180,5552640.0,3.9,3,XXL,Unisex,2025-05-20T07:47:20.546253
T-shirt 182,2334880.0,3.8,3,M,Women,2025-05-20T07:47:20.601416
Hoodie 183,3904640.0,3.6,3,L,Unisex,2025-05-20T07:47:20.601846
Pants 184,7759520.0,4.5,3,XL,Men,2025-05-20T07:47:20.602262
Outerwear 185,7822880.0,3.2,3,XXL,Women,2025-05-20T07:47:20.602696
Jacket 186,6940480.0,4.2,3,S,Unisex,2025-05-20T07:47:20.603113
Crewneck 187,6663520.0,3.8,3,M,Men,2025-05-20T07:47:20.603534
T-shirt 188,3927840.0,4.4,3,L,Women,2025-05-20T07:47:20.604002
Hoodie 189,1946720.0,4.0,3,XL,Unisex,2025-05-20T07:47:20.604435
Pants 190,2220960.0,4.5,3,XXL,Men,2025-05-20T07:47:20.604868
Jacket 192,5066240.0,3.8,3,M,Unisex,2025-05-20T07:47:20.605716
Crewneck 193,7355680.0,4.1,3,L,Men,2025-05-20T07:47:20.606134
T-shirt 194,2818720.0,4.9,3,XL,Women,2025-05-20T07:47:20.606555
Hoodie 195,7208960.0,4.9,3,XXL,Unisex,2025-05-20T07:47:20.606989
Outerwear 197,5681600.0,4.9,3,M,Women,2025-05-20T07:47:20.607845
Jacket 198,5435040.0,4.5,3,L,Unisex,2025-05-20T07:47:20.608262
Crewneck 199,6744320.0,3.1,3,XL,Men,2025-05-20T07:47:20.608692
T-shirt 200,6289920.0,3.5,3,XXL,Women,2025-05-20T07:47:20.609109
Pants 202,5592480.0,3.3,3,M,Men,2025-05-20T07:47:20.664944
Outerwear 203,2144000.0,3.4,3,L,Women,2025-05-20T07:47:20.665359
Jacket 204,6031040.0,3.9,3,XL,Unisex,2025-05-20T07:47:20.665795
Crewneck 205,6434880.0,3.2,3,XXL,Men,2025-05-20T07:47:20.666213
T-shirt 206,4674720.0,4.5,3,S,Women,2025-05-20T07:47:20.666631
Hoodie 207,6101440.0,3.5,3,M,Unisex,2025-05-20T07:47:20.667062
Pants 208,4637600.0,3.1,3,L,Men,2025-05-20T07:47:20.667481
Outerwear 209,7980640.0,4.3,3,XL,Women,2025-05-20T07:47:20.667908
Jacket 210,7827360.0,4.7,3,XXL,Unisex,2025-05-20T07:47:20.668322
T-shirt 212,8794880.0,4.7,3,M,Women,2025-05-20T07:47:20.669168
Hoodie 213,5748000.0,3.6,3,L,Unisex,2025-05-20T07:47:20.669589
Pants 214,4315680.0,4.9,3,XL,Men,2025-05-20T07:47:20.670008
Outerwear 215,1449600.0,3.8,3,XXL,Women,2025-05-20T07:47:20.670428
Jacket 216,4576480.0,4.6,3,S,Unisex,2025-05-20T07:47:20.670848
Crewneck 217,5772960.0,4.8,3,M,Men,2025-05-20T07:47:20.671266
T-shirt 218,5600320.0,3.1,3,L,Women,2025-05-20T07:47:20.671694
Hoodie 219,5671040.0,4.6,3,XL,Unisex,2025-05-20T07:47:20.672108
Pants 220,3357600.0,3.2,3,XXL,Men,2025-05-20T07:47:20.672529
Jacket 222,7438080.0,3.4,3,M,Unisex,2025-05-20T07:47:20.727341
Crewneck 223,952960.0,4.8,3,L,Men,2025-05-20T07:47:20.727783
T-shirt 224,3534560.0,4.5,3,XL,Women,2025-05-20T07:47:20.728208
Hoodie 225,5232800.0,3.5,3,XXL,Unisex,2025-05-20T07:47:20.728628
Outerwear 227,6742560.0,4.8,3,M,Women,2025-05-20T07:47:20.729477
Jacket 228,8076800.0,4.5,3,L,Unisex,2025-05-20T07:47:20.729914
Crewneck 229,3101920.0,4.9,3,XL,Men,2025-05-20T07:47:20.730337
T-shirt 230,7133280.0,4.5,3,XXL,Women,2025-05-20T07:47:20.730768
Pants 232,8327360.000000001,4.0,3,M,Men,2025-05-20T07:47:20.731615
Outerwear 233,847360.0,4.8,3,L,Women,2025-05-20T07:47:20.732041
Jacket 234,1159200.0,4.5,3,XL,Unisex,2025-05-20T07:47:20.732468
Crewneck 235,6560320.0,3.4,3,XXL,Men,2025-05-20T07:47:20.732892
T-shirt 236,5492320.0,3.9,3,S,Women,2025-05-20T07:47:20.733306
Hoodie 237,4743520.0,3.1,3,M,Unisex,2025-05-20T07:47:20.733737
Pants 238,8301920.0,3.8,3,L,Men,2025-05-20T07:47:20.734284
Outerwear 239,7934080.0,3.1,3,XL,Women,2025-05-20T07:47:20.734743
Jacket 240,7600000.0,3.8,3,XXL,Unisex,2025-05-20T07:47:20.735169
T-shirt 242,4833600.0,3.4,3,M,Women,2025-05-20T07:47:20.791024
Hoodie 243,3371680.0,3.1,3,L,Unisex,2025-05-20T07:47:20.791456
Pants 244,8116160.0,3.1,3,XL,Men,2025-05-20T07:47:20.791890
Outerwear 245,1451680.0,4.0,3,XXL,Women,2025-05-20T07:47:20.792313
Jacket 246,8735040.0,3.1,3,S,Unisex,2025-05-20T07:47:20.792786
Crewneck 247,8769120.0,3.0,3,M,Men,2025-05-20T07:47:20.793207
T-shirt 248,2280000.0,4.5,3,L,Women,2025-05-20T07:47:20.793633
Hoodie 249,2149440.0,4.2,3,XL,Unisex,2025-05-20T07:47:20.794069
Pants 250,4314240.0,3.1,3,XXL,Men,2025-05-20T07:47:20.794492
Jacket 252,8408480.0,3.2,3,M,Unisex,2025-05-20T07:47:20.795359
Crewneck 253,1854720.0,3.9,3,L,Men,2025-05-20T07:47:20.795880
T-shirt 254,5984160.0,3.9,3,XL,Women,2025-05-20T07:47:20.796555
Hoodie 255,3668000.0,4.1,3,XXL,Unisex,2025-05-20T07:47:20.797117
Outerwear 257,7073120.0,5.0,3,M,Women,2025-05-20T07:47:20.798018
Jacket 258,2080639.9999999998,4.7,3,L,Unisex,2025-05-20T07:47:20.798448
Crewneck 259,2275520.0,3.3,3,XL,Men,2025-05-20T07:47:20.798904
T-shirt 260,6271520.0,3.5,3,XXL,Women,2025-05-20T07:47:20.799326
Pants 262,1097760.0,3.4,3,M,Men,2025-05-20T07:47:20.852698
Outerwear 263,1878400.0,4.2,3,L,Women,2025-05-20T07:47:20.853136
Jacket 264,2063040.0,4.8,3,XL,Unisex,2025-05-20T07:47:20.853578
Crewneck 265,2483040.0,3.5,3,XXL,Men,2025-05-20T07:47:20.854015
T-shirt 266,4842080.0,4.6,3,S,Women,2025-05-20T07:47:20.854452
Hoodie 267,4086240.0,4.3,3,M,Unisex,2025-05-20T07:47:20.854904
Pants 268,5005120.0,3.6,3,L,Men,2025-05-20T07:47:20.855348
Outerwear 269,8073920.0,3.1,3,XL,Women,2025-05-20T07:47:20.855795
Jacket 270,2569120.0,4.2,3,XXL,Unisex,2025-05-20T07:47:20.856219
T-shirt 272,5811840.0,3.3,3,M,Women,2025-05-20T07:47:20.857071
Hoodie 273,5291360.0,4.9,3,L,Unisex,2025-05-20T07:47:20.857497
Pants 274,3669280.0,4.2,3,XL,Men,2025-05-20T07:47:20.857927
Outerwear 275,5575360.0,4.8,3,XXL,Women,2025-05-20T07:47:20.858341
Jacket 276,1013600.0,4.3,3,S,Unisex,2025-05-20T07:47:20.858811
Crewneck 277,2383680.0,4.7,3,M,Men,2025-05-20T07:47:20.859234
T-shirt 278,2087360.0000000002,3.8,3,L,Women,2025-05-20T07:47:20.859679
Hoodie 279,5592320.0,4.7,3,XL,Unisex,2025-05-20T07:47:20.860100
Pants 280,7501440.0,3.9,3,XXL,Men,2025-05-20T07:47:20.860521
Jacket 282,2227040.0,3.0,3,M,Unisex,2025-05-20T07:47:20.914041
Crewneck 283,6633120.0,3.2,3,L,Men,2025-05-20T07:47:20.914468
T-shirt 284,6568000.0,3.6,3,XL,Women,2025-05-20T07:47:20.914904
Hoodie 285,3009120.0,3.2,3,XXL,Unisex,2025-05-20T07:47:20.915322
Outerwear 287,5273600.0,3.7,3,M,Women,2025-05-20T07:47:20.916213
Jacket 288,3123040.0,4.1,3,L,Unisex,2025-05-20T07:47:20.916653
Crewneck 289,888000.0,4.0,3,XL,Men,2025-05-20T07:47:20.917076
T-shirt 290,6425120.0,4.2,3,XXL,Women,2025-05-20T07:47:20.917503
Pants 292,2384480.0,3.9,3,M,Men,2025-05-20T07:47:20.918353
Outerwear 293,1176160.0,4.5,3,L,Women,2025-05-20T07:47:20.918806
Jacket 294,5947200.0,3.8,3,XL,Unisex,2025-05-20T07:47:20.919236
Crewneck 295,7266720.0,4.9,3,XXL,Men,2025-05-20T07:47:20.919670
T-shirt 296,1172160.0,3.1,3,S,Women,2025-05-20T07:47:20.920090
Hoodie 297,7801120.0,3.6,3,M,Unisex,2025-05-20T07:47:20.920509
Pants 298,2426080.0,4.8,3,L,Men,2025-05-20T07:47:20.920936
Outerwear 299,1947840.0,4.3,3,XL,Women,2025-05-20T07:47:20.921425
Jacket 300,6408480.0,4.0,3,XXL,Unisex,2025-05-20T07:47:20.921909
T-shirt 302,5711200.0,3.2,3,M,Women,2025-05-20T07:47:20.978895
Hoodie 303,7974560.0,4.1,3,L,Unisex,2025-05-20T07:47:20.979316
Pants 304,7129760.0,3.4,3,XL,Men,2025-05-20T07:47:20.979757
Outerwear 305,6325440.0,4.5,3,XXL,Women,2025-05-20T07:47:20.980176
Jacket 306,7575040.0,4.2,3,S,Unisex,2025-05-20T07:47:20.980605
Crewneck 307,7735200.0,3.7,3,M,Men,2025-05-20T07:47:20.981032
T-shirt 308,4086080.0,4.1,3,L,Women,2025-05-20T07:47:20.981457
Hoodie 309,3953120.0,4.8,3,XL,Unisex,2025-05-20T07:47:20.981898
Pants 310,6329280.0,4.7,3,XXL,Men,2025-05-20T07:47:20.982322
Jacket 312,7267040.0,3.8,3,M,Unisex,2025-05-20T07:47:20.983183
Crewneck 313,1948320.0,3.1,3,L,Men,2025-05-20T07:47:20.983610
T-shirt 314,6017120.0,3.2,3,XL,Women,2025-05-20T07:47:20.984044
Hoodie 315,7022880.0,3.1,3,XXL,Unisex,2025-05-20T07:47:20.984469
Outerwear 317,5259040.0,3.3,3,M,Women,2025-05-20T07:47:20.985331
Jacket 318,5667200.0,3.7,3,L,Unisex,2025-05-20T07:47:20.985763
Crewneck 319,3085920.0,3.3,3,XL,Men,2025-05-20T07:47:20.986183
T-shirt 320,829440.0,3.3,3,XXL,Women,2025-05-20T07:47:20.986603
Pants 322,7810400.0,3.2,3,M,Men,2025-05-20T07:47:21.042438
Outerwear 323,8468000.0,3.1,3,L,Women,2025-05-20T07:47:21.042866
Jacket 324,6082720.0,3.3,3,XL,Unisex,2025-05-20T07:47:21.043286
Crewneck 325,3001760.0,3.4,3,XXL,Men,2025-05-20T07:47:21.043718
T-shirt 326,4519360.0,4.9,3,S,Women,2025-05-20T07:47:21.044136
Hoodie 327,6641440.0,4.4,3,M,Unisex,2025-05-20T07:47:21.044555
Pants 328,5732960.0,4.5,3,L,Men,2025-05-20T07:47:21.044988
Outerwear 329,6724160.0,4.7,3,XL,Women,2025-05-20T07:47:21.045412
Jacket 330,1591200.0,4.3,3,XXL,Unisex,2025-05-20T07:47:21.045838
T-shirt 332,2335680.0,3.4,3,M,Women,2025-05-20T07:47:21.046703
Hoodie 333,1746080.0,4.8,3,L,Unisex,2025-05-20T07:47:21.047116
Pants 334,2409440.0,3.8,3,XL,Men,2025-05-20T07:47:21.047549
Outerwear 335,2826720.0,3.0,3,XXL,Women,2025-05-20T07:47:21.047977
Jacket 336,6237760.0,5.0,3,S,Unisex,2025-05-20T07:47:21.048401
Crewneck 337,8608800.0,4.3,3,M,Men,2025-05-20T07:47:21.048832
T-shirt 338,2883360.0,3.9,3,L,Women,2025-05-20T07:47:21.049251
Hoodie 339,4424800.0,4.9,3,XL,Unisex,2025-05-20T07:47:21.049681
Pants 340,5975200.0,4.3,3,XXL,Men,2025-05-20T07:47:21.050096
Jacket 342,1827680.0,4.8,3,M,Unisex,2025-05-20T07:47:21.102793
Crewneck 343,2279040.0,4.1,3,L,Men,2025-05-20T07:47:21.103213
T-shirt 344,3415680.0,4.5,3,XL,Women,2025-05-20T07:47:21.103691
Hoodie 345,7577440.0,3.3,3,XXL,Unisex,2025-05-20T07:47:21.104115
Outerwear 347,6986080.0,4.7,3,M,Women,2025-05-20T07:47:21.104970
Jacket 348,3195040.0,4.6,3,L,Unisex,2025-05-20T07:47:21.105385
Crewneck 349,6085600.0,3.5,3,XL,Men,2025-05-20T07:47:21.105818
T-shirt 350,8047680.0,5.0,3,XXL,Women,2025-05-20T07:47:21.106238
Pants 352,2838880.0,4.0,3,M,Men,2025-05-20T07:47:21.107122
Outerwear 353,961600.0,3.6,3,L,Women,2025-05-20T07:47:21.107545
Jacket 354,2294720.0,3.8,3,XL,Unisex,2025-05-20T07:47:21.108005
Crewneck 355,4246560.0,3.2,3,XXL,Men,2025-05-20T07:47:21.108430
T-shirt 356,7150080.0,4.3,3,S,Women,2025-05-20T07:47:21.108857
Hoodie 357,3739360.0,3.6,3,M,Unisex,2025-05-20T07:47:21.109272
Pants 358,8479520.0,3.9,3,L,Men,2025-05-20T07:47:21.109713
Outerwear 359,1696480.0,4.3,3,XL,Women,2025-05-20T07:47:21.110135
Jacket 360,8788320.0,4.8,3,XXL,Unisex,2025-05-20T07:47:21.110807
T-shirt 362,4776800.0,5.0,3,M,Women,2025-05-20T07:47:21.165413
Hoodie 363,1171360.0,3.2,3,L,Unisex,2025-05-20T07:47:21.165857
Pants 364,4972800.0,4.8,3,XL,Men,2025-05-20T07:47:21.166290
Outerwear 365,6956480.0,4.5,3,XXL,Women,2025-05-20T07:47:21.166726
Jacket 366,5854880.0,4.9,3,S,Unisex,2025-05-20T07:47:21.167139
Crewneck 367,8359360.000000001,4.9,3,M,Men,2025-05-20T07:47:21.167561
T-shirt 368,965120.0,3.2,3,L,Women,2025-05-20T07:47:21.167991
Hoodie 369,7204960.0,4.7,3,XL,Unisex,2025-05-20T07:47:21.168412
Pants 370,4559680.0,3.6,3,XXL,Men,2025-05-20T07:47:21.168837
Jacket 372,5052960.0,3.6,3,M,Unisex,2025-05-20T07:47:21.169685
Crewneck 373,2231040.0,3.6,3,L,Men,2025-05-20T07:47:21.170101
T-shirt 374,7697120.0,3.9,3,XL,Women,2025-05-20T07:47:21.170525
Hoodie 375,7027520.0,3.9,3,XXL,Unisex,2025-05-20T07:47:21.170950
Outerwear 377,6802080.0,4.8,3,M,Women,2025-05-20T07:47:21.171802
Jacket 378,3402400.0,3.6,3,L,Unisex,2025-05-20T07:47:21.172220
Crewneck 379,3963200.0,4.4,3,XL,Men,2025-05-20T07:47:21.172649
T-shirt 380,2547040.0,3.8,3,XXL,Women,2025-05-20T07:47:21.173066
Pants 382,1356160.0,4.4,3,M,Men,2025-05-20T07:47:21.227704
Outerwear 383,3431040.0,3.4,3,L,Women,2025-05-20T07:47:21.228132
Jacket 384,1452960.0,3.3,3,XL,Unisex,2025-05-20T07:47:21.228564
Crewneck 385,7950720.0,4.9,3,XXL,Men,2025-05-20T07:47:21.228994
T-shirt 386,4793600.0,4.6,3,S,Women,2025-05-20T07:47:21.229417
Hoodie 387,8418080.0,4.2,3,M,Unisex,2025-05-20T07:47:21.229844
Pants 388,931200.0,3.1,3,L,Men,2025-05-20T07:47:21.230262
Outerwear 389,2883200.0,5.0,3,XL,Women,2025-05-20T07:47:21.230693
Jacket 390,5432960.0,3.3,3,XXL,Unisex,2025-05-20T07:47:21.231114
T-shirt 392,1226080.0,4.4,3,M,Women,2025-05-20T07:47:21.231995
Hoodie 393,4068480.0,3.2,3,L,Unisex,2025-05-20T07:47:21.232420
Pants 394,3540000.0,3.3,3,XL,Men,2025-05-20T07:47:21.232848
Outerwear 395,3098720.0,4.0,3,XXL,Women,2025-05-20T07:47:21.233266
Jacket 396,2505280.0,3.9,3,S,Unisex,2025-05-20T07:47:21.233693
Crewneck 397,855360.0,3.6,3,M,Men,2025-05-20T07:47:21.234116
T-shirt 398,4592800.0,4.7,3,L,Women,2025-05-20T07:47:21.234535
Hoodie 399,2523520.0,3.6,3,XL,Unisex,2025-05-20T07:47:21.234957
Pants 400,6020640.0,4.7,3,XXL,Men,2025-05-20T07:47:21.235396
Jacket 402,2029120.0,4.6,3,M,Unisex,2025-05-20T07:47:21.296524
Crewneck 403,1580320.0,4.1,3,L,Men,2025-05-20T07:47:21.299554
T-shirt 404,3501120.0,4.9,3,XL,Women,2025-05-20T07:47:21.300318
Hoodie 405,5080160.0,3.8,3,XXL,Unisex,2025-05-20T07:47:21.301119
Outerwear 407,2761280.0,3.7,3,M,Women,2025-05-20T07:47:21.302599
Jacket 408,4176000.0,4.9,3,L,Unisex,2025-05-20T07:47:21.303351
Crewneck 409,3221760.0,3.5,3,XL,Men,2025-05-20T07:47:21.304098
T-shirt 410,1586720.0,3.1,3,XXL,Women,2025-05-20T07:47:21.304873
Pants 412,5438240.0,4.4,3,M,Men,2025-05-20T07:47:21.306350
Outerwear 413,1306400.0,3.4,3,L,Women,2025-05-20T07:47:21.307072
Jacket 414,2234720.0,3.7,3,XL,Unisex,2025-05-20T07:47:21.307796
Crewneck 415,3617440.0,3.1,3,XXL,Men,2025-05-20T07:47:21.308506
T-shirt 416,4454080.0,3.1,3,S,Women,2025-05-20T07:47:21.309240
Hoodie 417,2769440.0,4.6,3,M,Unisex,2025-05-20T07:47:21.309968
Pants 418,6307840.0,5.0,3,L,Men,2025-05-20T07:47:21.310773
Outerwear 419,7004000.0,5.0,3,XL,Women,2025-05-20T07:47:21.311511
Jacket 420,2472640.0,3.1,3,XXL,Unisex,2025-05-20T07:47:21.312276
T-shirt 422,924320.0,3.9,3,M,Women,2025-05-20T07:47:21.365629
Hoodie 423,4601760.0,3.7,3,L,Unisex,2025-05-20T07:47:21.366063
Pants 424,3865760.0,4.4,3,XL,Men,2025-05-20T07:47:21.366487
Outerwear 425,2528480.0,4.8,3,XXL,Women,2025-05-20T07:47:21.366913
Jacket 426,3462400.0,3.4,3,S,Unisex,2025-05-20T07:47:21.367328
Crewneck 427,6375200.0,3.3,3,M,Men,2025-05-20T07:47:21.367757
T-shirt 428,7053120.0,4.9,3,L,Women,2025-05-20T07:47:21.368173
Hoodie 429,1658560.0,4.9,3,XL,Unisex,2025-05-20T07:47:21.368592
Pants 430,1442080.0,3.9,3,XXL,Men,2025-05-20T07:47:21.369017
Jacket 432,2151840.0,4.5,3,M,Unisex,2025-05-20T07:47:21.369871
Crewneck 433,3872480.0,4.2,3,L,Men,2025-05-20T07:47:21.370291
T-shirt 434,6557120.0,4.9,3,XL,Women,2025-05-20T07:47:21.370723
Hoodie 435,1015680.0,4.0,3,XXL,Unisex,2025-05-20T07:47:21.371141
Outerwear 437,1016800.0,3.9,3,M,Women,2025-05-20T07:47:21.371999
Jacket 438,2453120.0,4.5,3,L,Unisex,2025-05-20T07:47:21.372422
Crewneck 439,4005440.0,3.2,3,XL,Men,2025-05-20T07:47:21.372858
T-shirt 440,5326080.0,3.0,3,XXL,Women,2025-05-20T07:47:21.373267
Pants 442,4701600.0,4.3,3,M,Men,2025-05-20T07:47:21.428731
Outerwear 443,7262720.0,4.2,3,L,Women,2025-05-20T07:47:21.429161
Jacket 444,4016960.0,3.3,3,XL,Unisex,2025-05-20T07:47:21.429607
Crewneck 445,3574240.0,4.5,3,XXL,Men,2025-05-20T07:47:21.430048
T-shirt 446,7740160.0,3.2,3,S,Women,2025-05-20T07:47:21.430469
Hoodie 447,4748640.0,4.0,3,M,Unisex,2025-05-20T07:47:21.430897
Pants 448,820160.0,4.4,3,L,Men,2025-05-20T07:47:21.431315
Outerwear 449,6410080.0,4.0,3,XL,Women,2025-05-20T07:47:21.431767
Jacket 450,8754880.0,3.1,3,XXL,Unisex,2025-05-20T07:47:21.432189
T-shirt 452,6892800.0,4.4,3,M,Women,2025-05-20T07:47:21.433037
Hoodie 453,6576960.0,4.2,3,L,Unisex,2025-05-20T07:47:21.433457
Pants 454,2179520.0,5.0,3,XL,Men,2025-05-20T07:47:21.433881
Outerwear 455,1094080.0,4.8,3,XXL,Women,2025-05-20T07:47:21.434304
Jacket 456,8096000.0,4.1,3,S,Unisex,2025-05-20T07:47:21.434733
Crewneck 457,7342880.0,4.8,3,M,Men,2025-05-20T07:47:21.435148
T-shirt 458,4240000.0,4.4,3,L,Women,2025-05-20T07:47:21.435597
Hoodie 459,3237280.0,3.5,3,XL,Unisex,2025-05-20T07:47:21.436074
Pants 460,1880800.0,3.6,3,XXL,Men,2025-05-20T07:47:21.436629
Jacket 462,6767840.0,4.5,3,M,Unisex,2025-05-20T07:47:21.491441
Crewneck 463,7539520.0,4.5,3,L,Men,2025-05-20T07:47:21.491930
T-shirt 464,6070080.0,4.5,3,XL,Women,2025-05-20T07:47:21.492402
Hoodie 465,6164320.0,4.7,3,XXL,Unisex,2025-05-20T07:47:21.492886
Outerwear 467,1325920.0,3.5,3,M,Women,2025-05-20T07:47:21.493783
Jacket 468,4584960.0,3.7,3,L,Unisex,2025-05-20T07:47:21.494204
Crewneck 469,1738880.0,4.2,3,XL,Men,2025-05-20T07:47:21.494795
T-shirt 470,7738880.0,3.1,3,XXL,Women,2025-05-20T07:47:21.495225
Pants 472,3902080.0,3.1,3,M,Men,2025-05-20T07:47:21.496134
Outerwear 473,5478080.0,4.2,3,L,Women,2025-05-20T07:47:21.496559
Jacket 474,5864960.0,4.7,3,XL,Unisex,2025-05-20T07:47:21.497062
Crewneck 475,7017280.0,4.6,3,XXL,Men,2025-05-20T07:47:21.497485
T-shirt 476,3986240.0,4.3,3,S,Women,2025-05-20T07:47:21.497945
Hoodie 477,6626080.0,4.2,3,M,Unisex,2025-05-20T07:47:21.498363
Pants 478,4912000.0,3.8,3,L,Men,2025-05-20T07:47:21.498800
Outerwear 479,7302400.0,4.4,3,XL,Women,2025-05-20T07:47:21.499214
Jacket 480,4986240.0,4.2,3,XXL,Unisex,2025-05-20T07:47:21.499652
T-shirt 482,3352480.0,4.8,3,M,Women,2025-05-20T07:47:21.552426
Hoodie 483,4035040.0,4.2,3,L,Unisex,2025-05-20T07:47:21.552887
Pants 484,6428640.0,4.1,3,XL,Men,2025-05-20T07:47:21.553334
Outerwear 485,4044480.0,4.7,3,XXL,Women,2025-05-20T07:47:21.553834
Jacket 486,2573760.0,3.0,3,S,Unisex,2025-05-20T07:47:21.554278
Crewneck 487,6955520.0,3.7,3,M,Men,2025-05-20T07:47:21.554742
T-shirt 488,8789760.0,3.8,3,L,Women,2025-05-20T07:47:21.555186
Hoodie 489,3554560.0,5.0,3,XL,Unisex,2025-05-20T07:47:21.555663
Pants 490,7081600.0,3.1,3,XXL,Men,2025-05-20T07:47:21.556098
Jacket 492,6011840.0,3.0,3,M,Unisex,2025-05-20T07:47:21.556969
Crewneck 493,5071520.0,4.8,3,L,Men,2025-05-20T07:47:21.557412
T-shirt 494,1390080.0,3.4,3,XL,Women,2025-05-20T07:47:21.557861
Hoodie 495,1663200.0,4.5,3,XXL,Unisex,2025-05-20T07:47:21.558285
Outerwear 497,3957760.0,4.4,3,M,Women,2025-05-20T07:47:21.559161
Jacket 498,4412800.0,4.6,3,L,Unisex,2025-05-20T07:47:21.559604
Crewneck 499,7825920.0,4.1,3,XL,Men,2025-05-20T07:47:21.560041
T-shirt 500,8114400.0,4.2,3,XXL,Women,2025-05-20T07:47:21.560468
Pants 502,7132480.0,4.4,3,M,Men,2025-05-20T07:47:21.614081
Outerwear 503,4924480.0,4.8,3,L,Women,2025-05-20T07:47:21.614516
Jacket 504,8024480.0,5.0,3,XL,Unisex,2025-05-20T07:47:21.614950
Crewneck 505,8747680.0,4.3,3,XXL,Men,2025-05-20T07:47:21.615439
T-shirt 506,8572000.0,3.6,3,S,Women,2025-05-20T07:47:21.615896
Hoodie 507,6844000.0,4.7,3,M,Unisex,2025-05-20T07:47:21.616317
Pants 508,7766080.0,3.5,3,L,Men,2025-05-20T07:47:21.616756
Outerwear 509,7178400.0,3.1,3,XL,Women,2025-05-20T07:47:21.617166
Jacket 510,1562080.0,3.4,3,XXL,Unisex,2025-05-20T07:47:21.617596
T-shirt 512,4319680.0,3.7,3,M,Women,2025-05-20T07:47:21.618478
Hoodie 513,1693760.0,4.4,3,L,Unisex,2025-05-20T07:47:21.618902
Pants 514,6888960.0,3.9,3,XL,Men,2025-05-20T07:47:21.619316
Outerwear 515,7262560.0,3.1,3,XXL,Women,2025-05-20T07:47:21.619747
Jacket 516,7130720.0,3.4,3,S,Unisex,2025-05-20T07:47:21.620166
Crewneck 517,1069280.0,3.5,3,M,Men,2025-05-20T07:47:21.620586
T-shirt 518,2575680.0,4.1,3,L,Women,2025-05-20T07:47:21.621015
Hoodie 519,2236160.0,4.5,3,XL,Unisex,2025-05-20T07:47:21.621476
Pants 520,2308320.0,3.8,3,XXL,Men,2025-05-20T07:47:21.621908
Jacket 522,6292960.0,4.0,3,M,Unisex,2025-05-20T07:47:21.675171
Crewneck 523,3626720.0,4.6,3,L,Men,2025-05-20T07:47:21.675613
T-shirt 524,936000.0,3.8,3,XL,Women,2025-05-20T07:47:21.676087
Hoodie 525,7919040.0,3.6,3,XXL,Unisex,2025-05-20T07:47:21.676514
Outerwear 527,4669280.0,3.6,3,M,Women,2025-05-20T07:47:21.677370
Jacket 528,5595840.0,4.0,3,L,Unisex,2025-05-20T07:47:21.677812
Crewneck 529,1420160.0,3.2,3,XL,Men,2025-05-20T07:47:21.678237
T-shirt 530,6173760.0,3.3,3,XXL,Women,2025-05-20T07:47:21.678667
Pants 532,8391200.0,4.1,3,M,Men,2025-05-20T07:47:21.679508
Outerwear 533,3370240.0,4.2,3,L,Women,2025-05-20T07:47:21.679943
Jacket 534,3479200.0,3.7,3,XL,Unisex,2025-05-20T07:47:21.680368
Crewneck 535,3901280.0,3.7,3,XXL,Men,2025-05-20T07:47:21.680802
T-shirt 536,5092480.0,3.0,3,S,Women,2025-05-20T07:47:21.681221
Hoodie 537,8671840.0,3.1,3,M,Unisex,2025-05-20T07:47:21.681651
Pants 538,6134240.0,3.4,3,L,Men,2025-05-20T07:47:21.682068
Outerwear 539,4692640.0,4.7,3,XL,Women,2025-05-20T07:47:21.682490
Jacket 540,7051840.0,4.4,3,XXL,Unisex,2025-05-20T07:47:21.682924
T-shirt 542,4761440.0,3.5,3,M,Women,2025-05-20T07:47:21.740546
Hoodie 543,8715680.0,4.7,3,L,Unisex,2025-05-20T07:47:21.740977
Pants 544,5957760.0,3.1,3,XL,Men,2025-05-20T07:47:21.741400
Outerwear 545,3579360.0,4.0,3,XXL,Women,2025-05-20T07:47:21.741836
Jacket 546,6271520.0,3.3,3,S,Unisex,2025-05-20T07:47:21.742248
Crewneck 547,5361120.0,3.9,3,M,Men,2025-05-20T07:47:21.742680
T-shirt 548,2686240.0,4.6,3,L,Women,2025-05-20T07:47:21.743095
Hoodie 549,2687200.0,3.7,3,XL,Unisex,2025-05-20T07:47:21.743514
Pants 550,4450080.0,4.9,3,XXL,Men,2025-05-20T07:47:21.743937
Jacket 552,5380320.0,4.1,3,M,Unisex,2025-05-20T07:47:21.744780
Crewneck 553,7760800.0,3.8,3,L,Men,2025-05-20T07:47:21.745209
T-shirt 554,4001120.0,4.5,3,XL,Women,2025-05-20T07:47:21.745636
Hoodie 555,1809600.0,3.0,3,XXL,Unisex,2025-05-20T07:47:21.746074
Outerwear 557,5460480.0,3.4,3,M,Women,2025-05-20T07:47:21.746941
Jacket 558,5007040.0,4.0,3,L,Unisex,2025-05-20T07:47:21.747357
Crewneck 559,1590880.0,3.5,3,XL,Men,2025-05-20T07:47:21.747832
T-shirt 560,6885280.0,4.2,3,XXL,Women,2025-05-20T07:47:21.748263
Pants 562,3724160.0,4.5,3,M,Men,2025-05-20T07:47:21.801596
Outerwear 563,8197440.000000001,4.7,3,L,Women,2025-05-20T07:47:21.802025
Jacket 564,8319200.000000001,4.3,3,XL,Unisex,2025-05-20T07:47:21.802457
Crewneck 565,7635200.0,3.5,3,XXL,Men,2025-05-20T07:47:21.802887
T-shirt 566,2611360.0,4.6,3,S,Women,2025-05-20T07:47:21.803312
Hoodie 567,4576160.0,3.2,3,M,Unisex,2025-05-20T07:47:21.803745
Pants 568,2984160.0,3.3,3,L,Men,2025-05-20T07:47:21.804160
Outerwear 569,4966880.0,4.7,3,XL,Women,2025-05-20T07:47:21.804579
Jacket 570,4000960.0,3.9,3,XXL,Unisex,2025-05-20T07:47:21.805000
T-shirt 572,4756320.0,3.2,3,M,Women,2025-05-20T07:47:21.805848
Hoodie 573,6954080.0,4.5,3,L,Unisex,2025-05-20T07:47:21.806270
Pants 574,2424000.0,3.8,3,XL,Men,2025-05-20T07:47:21.806703
Outerwear 575,3517760.0,3.4,3,XXL,Women,2025-05-20T07:47:21.807123
Jacket 576,805600.0,3.5,3,S,Unisex,2025-05-20T07:47:21.807557
Crewneck 577,7873920.0,3.3,3,M,Men,2025-05-20T07:47:21.807988
T-shirt 578,7958880.0,4.1,3,L,Women,2025-05-20T07:47:21.808411
Hoodie 579,4428640.0,4.4,3,XL,Unisex,2025-05-20T07:47:21.808837
Pants 580,2625440.0,3.3,3,XXL,Men,2025-05-20T07:47:21.809263
Jacket 582,4112160.0,4.1,3,M,Unisex,2025-05-20T07:47:21.862595
Crewneck 583,5737760.0,4.5,3,L,Men,2025-05-20T07:47:21.863032
T-shirt 584,6964960.0,4.8,3,XL,Women,2025-05-20T07:47:21.863451
Hoodie 585,6186880.0,4.9,3,XXL,Unisex,2025-05-20T07:47:21.863894
Outerwear 587,4424960.0,4.4,3,M,Women,2025-05-20T07:47:21.864766
Jacket 588,4963040.0,4.7,3,L,Unisex,2025-05-20T07:47:21.865188
Crewneck 589,931840.0,4.7,3,XL,Men,2025-05-20T07:47:21.865605
T-shirt 590,6457120.0,3.9,3,XXL,Women,2025-05-20T07:47:21.866043
Pants 592,6805440.0,4.3,3,M,Men,2025-05-20T07:47:21.866894
Outerwear 593,7163840.0,3.9,3,L,Women,2025-05-20T07:47:21.867309
Jacket 594,8707680.0,4.2,3,XL,Unisex,2025-05-20T07:47:21.867745
Crewneck 595,3723840.0,3.5,3,XXL,Men,2025-05-20T07:47:21.868169
T-shirt 596,8290400.0,4.4,3,S,Women,2025-05-20T07:47:21.868588
Hoodie 597,7969440.0,3.3,3,M,Unisex,2025-05-20T07:47:21.869036
Pants 598,4714080.0,4.1,3,L,Men,2025-05-20T07:47:21.869455
Outerwear 599,1179040.0,3.3,3,XL,Women,2025-05-20T07:47:21.869893
Jacket 600,6414080.0,3.0,3,XXL,Unisex,2025-05-20T07:47:21.870313
T-shirt 602,2260960.0,4.4,3,M,Women,2025-05-20T07:47:21.925853
Hoodie 603,7511520.0,3.1,3,L,Unisex,2025-05-20T07:47:21.926278
Pants 604,7662240.0,4.3,3,XL,Men,2025-05-20T07:47:21.926711
Outerwear 605,1710720.0,3.7,3,XXL,Women,2025-05-20T07:47:21.927123
Jacket 606,5770720.0,4.6,3,S,Unisex,2025-05-20T07:47:21.927542
Crewneck 607,3857600.0,3.1,3,M,Men,2025-05-20T07:47:21.927964
T-shirt 608,7047840.0,4.6,3,L,Women,2025-05-20T07:47:21.928378
Hoodie 609,2956320.0,4.1,3,XL,Unisex,2025-05-20T07:47:21.928813
Pants 610,4515360.0,3.3,3,XXL,Men,2025-05-20T07:47:21.929235
Jacket 612,3202720.0,3.1,3,M,Unisex,2025-05-20T07:47:21.930084
Crewneck 613,1013920.0,3.6,3,L,Men,2025-05-20T07:47:21.930503
T-shirt 614,2428160.0,3.1,3,XL,Women,2025-05-20T07:47:21.930961
Hoodie 615,4798720.0,4.8,3,XXL,Unisex,2025-05-20T07:47:21.931376
Outerwear 617,1765920.0,4.3,3,M,Women,2025-05-20T07:47:21.932231
Jacket 618,6474080.0,3.3,3,L,Unisex,2025-05-20T07:47:21.932662
Crewneck 619,8340639.999999999,4.4,3,XL,Men,2025-05-20T07:47:21.933077
T-shirt 620,2270240.0,3.3,3,XXL,Women,2025-05-20T07:47:21.933560
Pants 622,4849600.0,3.5,3,M,Men,2025-05-20T07:47:21.989431
Outerwear 623,7299520.0,4.6,3,L,Women,2025-05-20T07:47:21.989902
Jacket 624,6943200.0,3.9,3,XL,Unisex,2025-05-20T07:47:21.990321
Crewneck 625,7826400.0,4.1,3,XXL,Men,2025-05-20T07:47:21.990754
T-shirt 626,7777440.0,4.5,3,S,Women,2025-05-20T07:47:21.991178
Hoodie 627,1232320.0,3.2,3,M,Unisex,2025-05-20T07:47:21.991606
Pants 628,8113120.0,4.3,3,L,Men,2025-05-20T07:47:21.992058
Outerwear 629,3997920.0,4.4,3,XL,Women,2025-05-20T07:47:21.992481
Jacket 630,1003680.0,3.8,3,XXL,Unisex,2025-05-20T07:47:21.992909
T-shirt 632,4314240.0,3.6,3,M,Women,2025-05-20T07:47:21.993762
Hoodie 633,3128000.0,3.1,3,L,Unisex,2025-05-20T07:47:21.994179
Pants 634,8535680.0,3.9,3,XL,Men,2025-05-20T07:47:21.994608
Outerwear 635,6897120.0,4.1,3,XXL,Women,2025-05-20T07:47:21.995037
Jacket 636,3476320.0,4.5,3,S,Unisex,2025-05-20T07:47:21.995476
Crewneck 637,6030240.0,4.0,3,M,Men,2025-05-20T07:47:21.995922
T-shirt 638,5220960.0,4.6,3,L,Women,2025-05-20T07:47:21.996354
Hoodie 639,6782720.0,4.7,3,XL,Unisex,2025-05-20T07:47:21.996788
Pants 640,3038560.0,3.8,3,XXL,Men,2025-05-20T07:47:21.997213
Jacket 642,7747360.0,4.7,3,M,Unisex,2025-05-20T07:47:22.051361
Crewneck 643,6116000.0,3.2,3,L,Men,2025-05-20T07:47:22.051876
T-shirt 644,7479360.0,4.2,3,XL,Women,2025-05-20T07:47:22.052302
Hoodie 645,3285440.0,3.3,3,XXL,Unisex,2025-05-20T07:47:22.052742
Outerwear 647,4304960.0,3.8,3,M,Women,2025-05-20T07:47:22.053584
Jacket 648,8699520.0,4.5,3,L,Unisex,2025-05-20T07:47:22.054021
Crewneck 649,8588160.0,3.2,3,XL,Men,2025-05-20T07:47:22.054447
T-shirt 650,8012800.0,3.4,3,XXL,Women,2025-05-20T07:47:22.054878
Pants 652,6084960.0,3.3,3,M,Men,2025-05-20T07:47:22.055756
Outerwear 653,2622080.0,4.0,3,L,Women,2025-05-20T07:47:22.056182
Jacket 654,4089440.0,4.7,3,XL,Unisex,2025-05-20T07:47:22.056605
Crewneck 655,1834240.0,4.1,3,XXL,Men,2025-05-20T07:47:22.057066
T-shirt 656,2538720.0,4.2,3,S,Women,2025-05-20T07:47:22.057495
Hoodie 657,8459040.0,4.8,3,M,Unisex,2025-05-20T07:47:22.057928
Pants 658,6268320.0,3.8,3,L,Men,2025-05-20T07:47:22.058349
Outerwear 659,1817920.0,3.3,3,XL,Women,2025-05-20T07:47:22.058788
Jacket 660,8715200.0,3.5,3,XXL,Unisex,2025-05-20T07:47:22.059208
T-shirt 662,1422720.0,4.5,3,M,Women,2025-05-20T07:47:22.113769
Hoodie 663,7087200.0,4.0,3,L,Unisex,2025-05-20T07:47:22.114195
Pants 664,8248639.999999999,3.5,3,XL,Men,2025-05-20T07:47:22.114628
Outerwear 665,4033600.0,3.2,3,XXL,Women,2025-05-20T07:47:22.115061
Jacket 666,4844000.0,3.9,3,S,Unisex,2025-05-20T07:47:22.115507
Crewneck 667,1756640.0,3.7,3,M,Men,2025-05-20T07:47:22.115936
T-shirt 668,5044640.0,3.7,3,L,Women,2025-05-20T07:47:22.116356
Hoodie 669,2346080.0,3.3,3,XL,Unisex,2025-05-20T07:47:22.116794
Pants 670,8406720.0,4.8,3,XXL,Men,2025-05-20T07:47:22.117206
Jacket 672,4776160.0,4.5,3,M,Unisex,2025-05-20T07:47:22.118050
Crewneck 673,2803360.0,4.7,3,L,Men,2025-05-20T07:47:22.118481
T-shirt 674,3156640.0,3.1,3,XL,Women,2025-05-20T07:47:22.118904
Hoodie 675,4314880.0,3.2,3,XXL,Unisex,2025-05-20T07:47:22.119322
Outerwear 677,4657440.0,3.3,3,M,Women,2025-05-20T07:47:22.120176
Jacket 678,2777120.0,4.3,3,L,Unisex,2025-05-20T07:47:22.120594
Crewneck 679,6373120.0,3.2,3,XL,Men,2025-05-20T07:47:22.121020
T-shirt 680,8164800.0,3.2,3,XXL,Women,2025-05-20T07:47:22.121449
Pants 682,7616480.0,3.9,3,M,Men,2025-05-20T07:47:22.173591
Outerwear 683,3907360.0,3.6,3,L,Women,2025-05-20T07:47:22.174030
Jacket 684,7102560.0,3.5,3,XL,Unisex,2025-05-20T07:47:22.174452
Crewneck 685,1495840.0,4.6,3,XXL,Men,2025-05-20T07:47:22.174889
T-shirt 686,5381760.0,3.8,3,S,Women,2025-05-20T07:47:22.175306
Hoodie 687,4220800.0,4.7,3,M,Unisex,2025-05-20T07:47:22.175758
Pants 688,1487520.0,4.4,3,L,Men,2025-05-20T07:47:22.176184
Outerwear 689,1939040.0,4.6,3,XL,Women,2025-05-20T07:47:22.176598
Jacket 690,8782560.0,4.7,3,XXL,Unisex,2025-05-20T07:47:22.177034
T-shirt 692,1416480.0,4.1,3,M,Women,2025-05-20T07:47:22.177883
Hoodie 693,3031680.0,4.1,3,L,Unisex,2025-05-20T07:47:22.178301
Pants 694,2466720.0,3.4,3,XL,Men,2025-05-20T07:47:22.178733
Outerwear 695,959360.0,3.3,3,XXL,Women,2025-05-20T07:47:22.179164
Jacket 696,5146240.0,4.2,3,S,Unisex,2025-05-20T07:47:22.179590
Crewneck 697,6545120.0,5.0,3,M,Men,2025-05-20T07:47:22.180028
T-shirt 698,2444960.0,4.1,3,L,Women,2025-05-20T07:47:22.180446
Hoodie 699,5250240.0,4.5,3,XL,Unisex,2025-05-20T07:47:22.180884
Pants 700,3526560.0,4.3,3,XXL,Men,2025-05-20T07:47:22.181306
Jacket 702,4927680.0,4.3,3,M,Unisex,2025-05-20T07:47:22.238399
Crewneck 703,2949120.0,4.2,3,L,Men,2025-05-20T07:47:22.239032
T-shirt 704,6214240.0,4.1,3,XL,Women,2025-05-20T07:47:22.239476
Hoodie 705,3042880.0,3.1,3,XXL,Unisex,2025-05-20T07:47:22.239956
Outerwear 707,7746240.0,4.4,3,M,Women,2025-05-20T07:47:22.240836
Jacket 708,8541280.0,4.3,3,L,Unisex,2025-05-20T07:47:22.241255
Crewneck 709,7022400.0,3.9,3,XL,Men,2025-05-20T07:47:22.241692
T-shirt 710,3751520.0,3.2,3,XXL,Women,2025-05-20T07:47:22.242114
Pants 712,1510400.0,4.1,3,M,Men,2025-05-20T07:47:22.242968
Outerwear 713,3142880.0,4.4,3,L,Women,2025-05-20T07:47:22.243384
Jacket 714,892320.0,3.1,3,XL,Unisex,2025-05-20T07:47:22.243812
Crewneck 715,7021760.0,3.9,3,XXL,Men,2025-05-20T07:47:22.244227
T-shirt 716,3602560.0,4.9,3,S,Women,2025-05-20T07:47:22.244655
Hoodie 717,1532800.0,3.6,3,M,Unisex,2025-05-20T07:47:22.245071
Pants 718,4057120.0,3.2,3,L,Men,2025-05-20T07:47:22.245489
Outerwear 719,3172960.0,4.7,3,XL,Women,2025-05-20T07:47:22.245930
Jacket 720,2028320.0,3.8,3,XXL,Unisex,2025-05-20T07:47:22.246375
T-shirt 722,8724320.0,3.2,3,M,Women,2025-05-20T07:47:22.302713
Hoodie 723,5664800.0,3.4,3,L,Unisex,2025-05-20T07:47:22.303154
Pants 724,4824800.0,4.7,3,XL,Men,2025-05-20T07:47:22.303591
Outerwear 725,4979200.0,3.0,3,XXL,Women,2025-05-20T07:47:22.304052
Jacket 726,6345920.0,3.5,3,S,Unisex,2025-05-20T07:47:22.304481
Crewneck 727,4024000.0,4.8,3,M,Men,2025-05-20T07:47:22.304933
T-shirt 728,8173440.0,3.0,3,L,Women,2025-05-20T07:47:22.305353
Hoodie 729,6431360.0,3.6,3,XL,Unisex,2025-05-20T07:47:22.305895
Pants 730,7228800.0,4.5,3,XXL,Men,2025-05-20T07:47:22.306323
Jacket 732,6597600.0,3.9,3,M,Unisex,2025-05-20T07:47:22.307210
Crewneck 733,1162880.0,4.7,3,L,Men,2025-05-20T07:47:22.307638
T-shirt 734,6858560.0,4.2,3,XL,Women,2025-05-20T07:47:22.308117
Hoodie 735,4664320.0,4.0,3,XXL,Unisex,2025-05-20T07:47:22.308549
Outerwear 737,1015680.0,4.7,3,M,Women,2025-05-20T07:47:22.309462
Jacket 738,1893920.0,3.7,3,L,Unisex,2025-05-20T07:47:22.309932
Crewneck 739,8072960.0,3.3,3,XL,Men,2025-05-20T07:47:22.310362
T-shirt 740,7016640.0,3.4,3,XXL,Women,2025-05-20T07:47:22.310827
Pants 742,5626080.0,3.6,3,M,Men,2025-05-20T07:47:22.366321
Outerwear 743,5678080.0,3.0,3,L,Women,2025-05-20T07:47:22.366757
Jacket 744,5175680.0,4.1,3,XL,Unisex,2025-05-20T07:47:22.367176
Crewneck 745,2882560.0,3.8,3,XXL,Men,2025-05-20T07:47:22.367594
T-shirt 746,1517440.0,5.0,3,S,Women,2025-05-20T07:47:22.368029
Hoodie 747,6326880.0,4.7,3,M,Unisex,2025-05-20T07:47:22.368451
Pants 748,3134080.0,3.7,3,L,Men,2025-05-20T07:47:22.368887
Outerwear 749,2627360.0,3.2,3,XL,Women,2025-05-20T07:47:22.369303
Jacket 750,1030400.0000000001,3.7,3,XXL,Unisex,2025-05-20T07:47:22.369737
T-shirt 752,7431520.0,3.8,3,M,Women,2025-05-20T07:47:22.370567
Hoodie 753,8137600.0,4.8,3,L,Unisex,2025-05-20T07:47:22.371002
Pants 754,7229760.0,3.1,3,XL,Men,2025-05-20T07:47:22.371418
Outerwear 755,6910400.0,4.6,3,XXL,Women,2025-05-20T07:47:22.371914
Jacket 756,7128000.0,3.1,3,S,Unisex,2025-05-20T07:47:22.372341
Crewneck 757,7582720.0,4.4,3,M,Men,2025-05-20T07:47:22.372782
T-shirt 758,6025920.0,3.1,3,L,Women,2025-05-20T07:47:22.373212
Hoodie 759,2779840.0,4.7,3,XL,Unisex,2025-05-20T07:47:22.373638
Pants 760,2191040.0,4.1,3,XXL,Men,2025-05-20T07:47:22.374066
Jacket 762,4091840.0,4.9,3,M,Unisex,2025-05-20T07:47:22.428744
Crewneck 763,5792640.0,3.9,3,L,Men,2025-05-20T07:47:22.429173
T-shirt 764,7211680.0,3.4,3,XL,Women,2025-05-20T07:47:22.429592
Hoodie 765,1343360.0,4.9,3,XXL,Unisex,2025-05-20T07:47:22.430024
Outerwear 767,4152800.0,4.5,3,M,Women,2025-05-20T07:47:22.430891
Jacket 768,5662080.0,4.9,3,L,Unisex,2025-05-20T07:47:22.431302
Crewneck 769,6294560.0,3.3,3,XL,Men,2025-05-20T07:47:22.431732
T-shirt 770,1655040.0,3.5,3,XXL,Women,2025-05-20T07:47:22.432154
Pants 772,8748160.0,3.4,3,M,Men,2025-05-20T07:47:22.432999
Outerwear 773,3393600.0,3.2,3,L,Women,2025-05-20T07:47:22.433416
Jacket 774,1485760.0,4.1,3,XL,Unisex,2025-05-20T07:47:22.433841
Crewneck 775,8189440.0,3.1,3,XXL,Men,2025-05-20T07:47:22.434258
T-shirt 776,5333120.0,3.7,3,S,Women,2025-05-20T07:47:22.434689
Hoodie 777,6104800.0,3.4,3,M,Unisex,2025-05-20T07:47:22.435105
Pants 778,6034720.0,4.2,3,L,Men,2025-05-20T07:47:22.435543
Outerwear 779,5816480.0,3.2,3,XL,Women,2025-05-20T07:47:22.436045
Jacket 780,2767520.0,3.4,3,XXL,Unisex,2025-05-20T07:47:22.436470
T-shirt 782,4117439.9999999995,4.5,3,M,Women,2025-05-20T07:47:22.493137
Hoodie 783,2510720.0,3.0,3,L,Unisex,2025-05-20T07:47:22.493557
Pants 784,5341280.0,3.0,3,XL,Men,2025-05-20T07:47:22.494032
Outerwear 785,6444480.0,4.3,3,XXL,Women,2025-05-20T07:47:22.494459
Jacket 786,6749280.0,5.0,3,S,Unisex,2025-05-20T07:47:22.494932
Crewneck 787,4593600.0,4.7,3,M,Men,2025-05-20T07:47:22.495373
T-shirt 788,3041120.0,4.7,3,L,Women,2025-05-20T07:47:22.495815
Hoodie 789,2153280.0,4.0,3,XL,Unisex,2025-05-20T07:47:22.496250
Pants 790,1708320.0,3.2,3,XXL,Men,2025-05-20T07:47:22.496684
Jacket 792,4068960.0,3.8,3,M,Unisex,2025-05-20T07:47:22.497517
Crewneck 793,8650080.0,4.0,3,L,Men,2025-05-20T07:47:22.497945
T-shirt 794,5983040.0,4.0,3,XL,Women,2025-05-20T07:47:22.498358
Hoodie 795,4209600.0,3.9,3,XXL,Unisex,2025-05-20T07:47:22.498795
Outerwear 797,2771360.0,4.9,3,M,Women,2025-05-20T07:47:22.499632
Jacket 798,4391040.0,3.4,3,L,Unisex,2025-05-20T07:47:22.500062
Crewneck 799,4048800.0,4.2,3,XL,Men,2025-05-20T07:47:22.500481
T-shirt 800,7433280.0,4.6,3,XXL,Women,2025-05-20T07:47:22.500918
Pants 802,5710240.0,4.4,3,M,Men,2025-05-20T07:47:22.556070
Outerwear 803,1875360.0,4.3,3,L,Women,2025-05-20T07:47:22.556492
Jacket 804,4459040.0,3.9,3,XL,Unisex,2025-05-20T07:47:22.556928
Crewneck 805,3266720.0,4.8,3,XXL,Men,2025-05-20T07:47:22.557349
T-shirt 806,7310560.0,3.0,3,S,Women,2025-05-20T07:47:22.557785
Hoodie 807,5016000.0,4.7,3,M,Unisex,2025-05-20T07:47:22.558206
Pants 808,8717760.0,3.2,3,L,Men,2025-05-20T07:47:22.558630
Outerwear 809,7162560.0,3.7,3,XL,Women,2025-05-20T07:47:22.559059
Jacket 810,3796640.0,4.8,3,XXL,Unisex,2025-05-20T07:47:22.559476
T-shirt 812,6406080.0,4.2,3,M,Women,2025-05-20T07:47:22.560381
Hoodie 813,4872800.0,5.0,3,L,Unisex,2025-05-20T07:47:22.560826
Pants 814,1110080.0,4.7,3,XL,Men,2025-05-20T07:47:22.561244
Outerwear 815,5985440.0,4.8,3,XXL,Women,2025-05-20T07:47:22.561675
Jacket 816,1649120.0,4.5,3,S,Unisex,2025-05-20T07:47:22.562097
Crewneck 817,8744160.0,4.4,3,M,Men,2025-05-20T07:47:22.562510
T-shirt 818,5160320.0,3.8,3,L,Women,2025-05-20T07:47:22.562941
Hoodie 819,4742400.0,4.7,3,XL,Unisex,2025-05-20T07:47:22.563357
Pants 820,6030720.0,3.4,3,XXL,Men,2025-05-20T07:47:22.563832
Jacket 822,838240.0,4.2,3,M,Unisex,2025-05-20T07:47:22.619086
Crewneck 823,6103520.0,4.7,3,L,Men,2025-05-20T07:47:22.619520
T-shirt 824,3301440.0,4.1,3,XL,Women,2025-05-20T07:47:22.619953
Hoodie 825,1058400.0,3.8,3,XXL,Unisex,2025-05-20T07:47:22.620370
Outerwear 827,7091040.0,4.8,3,M,Women,2025-05-20T07:47:22.621244
Jacket 828,2324000.0,4.6,3,L,Unisex,2025-05-20T07:47:22.621675
Crewneck 829,4630400.0,4.4,3,XL,Men,2025-05-20T07:47:22.622089
T-shirt 830,4496480.0,3.0,3,XXL,Women,2025-05-20T07:47:22.622511
Pants 832,3955360.0,4.6,3,M,Men,2025-05-20T07:47:22.623355
Outerwear 833,7101280.0,3.0,3,L,Women,2025-05-20T07:47:22.623783
Jacket 834,7223680.0,3.1,3,XL,Unisex,2025-05-20T07:47:22.624209
Crewneck 835,7143360.0,3.9,3,XXL,Men,2025-05-20T07:47:22.624632
T-shirt 836,6065440.0,4.1,3,S,Women,2025-05-20T07:47:22.625059
Hoodie 837,5532640.0,5.0,3,M,Unisex,2025-05-20T07:47:22.625482
Pants 838,2848800.0,3.1,3,L,Men,2025-05-20T07:47:22.625913
Outerwear 839,4208320.0,3.9,3,XL,Women,2025-05-20T07:47:22.626338
Jacket 840,8164640.0,3.6,3,XXL,Unisex,2025-05-20T07:47:22.626768
T-shirt 842,2859040.0,3.3,3,M,Women,2025-05-20T07:47:22.681367
Hoodie 843,2997120.0,3.6,3,L,Unisex,2025-05-20T07:47:22.681803
Pants 844,7422880.0,3.9,3,XL,Men,2025-05-20T07:47:22.682217
Outerwear 845,2023200.0,3.2,3,XXL,Women,2025-05-20T07:47:22.682639
Jacket 846,7480480.0,3.6,3,S,Unisex,2025-05-20T07:47:22.683067
Crewneck 847,4789920.0,3.7,3,M,Men,2025-05-20T07:47:22.683487
T-shirt 848,6134240.0,4.1,3,L,Women,2025-05-20T07:47:22.683960
Hoodie 849,7816160.0,3.5,3,XL,Unisex,2025-05-20T07:47:22.684378
Pants 850,4144160.0,4.2,3,XXL,Men,2025-05-20T07:47:22.684813
Jacket 852,2777280.0,4.1,3,M,Unisex,2025-05-20T07:47:22.685657
Crewneck 853,2643840.0,3.4,3,L,Men,2025-05-20T07:47:22.686074
T-shirt 854,1600000.0,4.5,3,XL,Women,2025-05-20T07:47:22.686491
Hoodie 855,3249760.0,5.0,3,XXL,Unisex,2025-05-20T07:47:22.686916
Outerwear 857,4532800.0,3.0,3,M,Women,2025-05-20T07:47:22.687770
Jacket 858,3748640.0,3.7,3,L,Unisex,2025-05-20T07:47:22.688187
Crewneck 859,6418560.0,3.0,3,XL,Men,2025-05-20T07:47:22.688608
T-shirt 860,2419360.0,4.7,3,XXL,Women,2025-05-20T07:47:22.689033
Pants 862,4131359.9999999995,3.3,3,M,Men,2025-05-20T07:47:22.741696
Outerwear 863,1071360.0,4.0,3,L,Women,2025-05-20T07:47:22.742117
Jacket 864,2168000.0,4.5,3,XL,Unisex,2025-05-20T07:47:22.742553
Crewneck 865,6805120.0,3.9,3,XXL,Men,2025-05-20T07:47:22.742983
T-shirt 866,2399040.0,3.2,3,S,Women,2025-05-20T07:47:22.743409
Hoodie 867,1303840.0,3.3,3,M,Unisex,2025-05-20T07:47:22.743843
Pants 868,7473760.0,4.6,3,L,Men,2025-05-20T07:47:22.744260
Outerwear 869,6040320.0,4.5,3,XL,Women,2025-05-20T07:47:22.744691
Jacket 870,6395040.0,3.5,3,XXL,Unisex,2025-05-20T07:47:22.745114
T-shirt 872,1343680.0,4.3,3,M,Women,2025-05-20T07:47:22.745978
Hoodie 873,8321600.0,4.8,3,L,Unisex,2025-05-20T07:47:22.746408
Pants 874,2755200.0,4.4,3,XL,Men,2025-05-20T07:47:22.746835
Outerwear 875,2506720.0,4.6,3,XXL,Women,2025-05-20T07:47:22.747250
Jacket 876,3225760.0,4.6,3,S,Unisex,2025-05-20T07:47:22.747682
Crewneck 877,4552640.0,4.6,3,M,Men,2025-05-20T07:47:22.748098
T-shirt 878,4809760.0,4.7,3,L,Women,2025-05-20T07:47:22.748524
Hoodie 879,1026880.0000000001,3.1,3,XL,Unisex,2025-05-20T07:47:22.748947
Pants 880,6497760.0,4.3,3,XXL,Men,2025-05-20T07:47:22.749374
Jacket 882,6420960.0,3.3,3,M,Unisex,2025-05-20T07:47:22.803024
Crewneck 883,5901120.0,3.6,3,L,Men,2025-05-20T07:47:22.803453
T-shirt 884,7414720.0,4.3,3,XL,Women,2025-05-20T07:47:22.803875
Hoodie 885,4760640.0,3.4,3,XXL,Unisex,2025-05-20T07:47:22.804288
Outerwear 887,7806400.0,3.8,3,M,Women,2025-05-20T07:47:22.805138
Jacket 888,7869280.0,4.2,3,L,Unisex,2025-05-20T07:47:22.805555
Crewneck 889,6333920.0,4.6,3,XL,Men,2025-05-20T07:47:22.805980
T-shirt 890,6439040.0,4.7,3,XXL,Women,2025-05-20T07:47:22.806413
Pants 892,8515360.0,4.4,3,M,Men,2025-05-20T07:47:22.807294
Outerwear 893,2673600.0,3.2,3,L,Women,2025-05-20T07:47:22.807729
Jacket 894,2946560.0,4.8,3,XL,Unisex,2025-05-20T07:47:22.808146
Crewneck 895,1126720.0,4.3,3,XXL,Men,2025-05-20T07:47:22.808567
T-shirt 896,7873760.0,4.9,3,S,Women,2025-05-20T07:47:22.808993
Hoodie 897,6077920.0,3.1,3,M,Unisex,2025-05-20T07:47:22.809426
Pants 898,8408640.0,4.1,3,L,Men,2025-05-20T07:47:22.809853
Outerwear 899,6192960.0,4.8,3,XL,Women,2025-05-20T07:47:22.810266
Jacket 900,7214240.0,3.3,3,XXL,Unisex,2025-05-20T07:47:22.810694
T-shirt 902,3164000.0,3.6,3,M,Women,2025-05-20T07:47:22.864129
Hoodie 903,2617920.0,4.1,3,L,Unisex,2025-05-20T07:47:22.864547
Pants 904,3356320.0,3.9,3,XL,Men,2025-05-20T07:47:22.864985
Outerwear 905,5027840.0,4.9,3,XXL,Women,2025-05-20T07:47:22.865400
Jacket 906,4301760.0,3.9,3,S,Unisex,2025-05-20T07:47:22.865826
Crewneck 907,8732640.0,4.9,3,M,Men,2025-05-20T07:47:22.866247
T-shirt 908,7954880.0,4.2,3,L,Women,2025-05-20T07:47:22.866674
Hoodie 909,8383840.0,3.6,3,XL,Unisex,2025-05-20T07:47:22.867085
Pants 910,2395200.0,4.7,3,XXL,Men,2025-05-20T07:47:22.867499
Jacket 912,7853280.0,4.9,3,M,Unisex,2025-05-20T07:47:22.868349
Crewneck 913,3222240.0,3.5,3,L,Men,2025-05-20T07:47:22.868783
T-shirt 914,5799200.0,4.6,3,XL,Women,2025-05-20T07:47:22.869195
Hoodie 915,2649120.0,4.2,3,XXL,Unisex,2025-05-20T07:47:22.869613
Outerwear 917,6061600.0,4.0,3,M,Women,2025-05-20T07:47:22.870485
Jacket 918,5380800.0,3.3,3,L,Unisex,2025-05-20T07:47:22.870919
Crewneck 919,8364000.0,4.7,3,XL,Men,2025-05-20T07:47:22.871337
T-shirt 920,3706080.0,3.2,3,XXL,Women,2025-05-20T07:47:22.871768
Pants 922,1210880.0,4.4,3,M,Men,2025-05-20T07:47:22.935350
Outerwear 923,2435840.0,3.7,3,L,Women,2025-05-20T07:47:22.936039
Jacket 924,3764320.0,3.8,3,XL,Unisex,2025-05-20T07:47:22.936563
Crewneck 925,7900800.0,4.5,3,XXL,Men,2025-05-20T07:47:22.937029
T-shirt 926,1911040.0,4.6,3,S,Women,2025-05-20T07:47:22.937471
Hoodie 927,7706400.0,3.5,3,M,Unisex,2025-05-20T07:47:22.937926
Pants 928,3911680.0,3.4,3,L,Men,2025-05-20T07:47:22.938376
Outerwear 929,1253440.0,3.3,3,XL,Women,2025-05-20T07:47:22.938827
Jacket 930,1741120.0,4.9,3,XXL,Unisex,2025-05-20T07:47:22.939261
T-shirt 932,5937600.0,4.2,3,M,Women,2025-05-20T07:47:22.940137
Hoodie 933,4960800.0,3.4,3,L,Unisex,2025-05-20T07:47:22.940576
Pants 934,2248160.0,3.6,3,XL,Men,2025-05-20T07:47:22.941162
Outerwear 935,6048000.0,4.1,3,XXL,Women,2025-05-20T07:47:22.941621
Jacket 936,6165440.0,3.1,3,S,Unisex,2025-05-20T07:47:22.942064
Crewneck 937,2475360.0,4.1,3,M,Men,2025-05-20T07:47:22.942503
T-shirt 938,4058400.0,3.6,3,L,Women,2025-05-20T07:47:22.942943
Hoodie 939,4466080.0,4.8,3,XL,Unisex,2025-05-20T07:47:22.943379
Pants 940,5776000.0,3.7,3,XXL,Men,2025-05-20T07:47:22.943818
Jacket 942,7972960.0,3.0,3,M,Unisex,2025-05-20T07:47:23.076848
Crewneck 943,4571040.0,4.4,3,L,Men,2025-05-20T07:47:23.077268
T-shirt 944,1578240.0,4.6,3,XL,Women,2025-05-20T07:47:23.077702
Hoodie 945,2107680.0,4.2,3,XXL,Unisex,2025-05-20T07:47:23.078120
Outerwear 947,7079680.0,4.6,3,M,Women,2025-05-20T07:47:23.078978
Jacket 948,4600480.0,3.9,3,L,Unisex,2025-05-20T07:47:23.079391
Crewneck 949,1844320.0,4.4,3,XL,Men,2025-05-20T07:47:23.079822
T-shirt 950,7691680.0,4.9,3,XXL,Women,2025-05-20T07:47:23.080239
Pants 952,7155040.0,3.7,3,M,Men,2025-05-20T07:47:23.081078
Outerwear 953,8423200.0,3.8,3,L,Women,2025-05-20T07:47:23.081498
Jacket 954,3878720.0,4.1,3,XL,Unisex,2025-05-20T07:47:23.081923
Crewneck 955,7006560.0,4.7,3,XXL,Men,2025-05-20T07:47:23.082338
T-shirt 956,4457600.0,3.1,3,S,Women,2025-05-20T07:47:23.082823
Hoodie 957,4024320.0,4.4,3,M,Unisex,2025-05-20T07:47:23.083247
Pants 958,3946240.0,4.8,3,L,Men,2025-05-20T07:47:23.083686
Outerwear 959,6828480.0,4.6,3,XL,Women,2025-05-20T07:47:23.084103
Jacket 960,5840160.0,4.5,3,XXL,Unisex,2025-05-20T07:47:23.084526
T-shirt 962,2887840.0,4.1,3,M,Women,2025-05-20T07:47:23.138629
Hoodie 963,7916160.0,4.6,3,L,Unisex,2025-05-20T07:47:23.139063
Pants 964,3885280.0,3.3,3,XL,Men,2025-05-20T07:47:23.139483
Outerwear 965,3107200.0,4.5,3,XXL,Women,2025-05-20T07:47:23.139917
Jacket 966,8499520.0,4.9,3,S,Unisex,2025-05-20T07:47:23.140336
Crewneck 967,1744000.0,3.5,3,M,Men,2025-05-20T07:47:23.140769
T-shirt 968,4045120.0,4.4,3,L,Women,2025-05-20T07:47:23.141185
Hoodie 969,4231840.0,3.8,3,XL,Unisex,2025-05-20T07:47:23.141740
Pants 970,952960.0,4.6,3,XXL,Men,2025-05-20T07:47:23.142172
Jacket 972,7272000.0,4.4,3,M,Unisex,2025-05-20T07:47:23.143067
Crewneck 973,7134400.0,3.9,3,L,Men,2025-05-20T07:47:23.143490
T-shirt 974,4769280.0,3.0,3,XL,Women,2025-05-20T07:47:23.143932
Hoodie 975,4816000.0,3.6,3,XXL,Unisex,2025-05-20T07:47:23.144350
Outerwear 977,3356000.0,3.6,3,M,Women,2025-05-20T07:47:23.145206
Jacket 978,3918240.0,3.6,3,L,Unisex,2025-05-20T07:47:23.145626
Crewneck 979,4848480.0,3.4,3,XL,Men,2025-05-20T07:47:23.146059
T-shirt 980,6544000.0,3.1,3,XXL,Women,2025-05-20T07:47:23.146479
Pants 982,7281760.0,4.9,3,M,Men,2025-05-20T07:47:23.202653
Outerwear 983,5762560.0,3.2,3,L,Women,2025-05-20T07:47:23.203075
Jacket 984,7349440.0,3.8,3,XL,Unisex,2025-05-20T07:47:23.203494
Crewneck 985,6236000.0,4.3,3,XXL,Men,2025-05-20T07:47:23.203976
T-shirt 986,6713760.0,4.5,3,S,Women,2025-05-20T07:47:23.204399
Hoodie 987,4008000.0,4.7,3,M,Unisex,2025-05-20T07:47:23.204841
Pants 988,2054239.9999999998,3.5,3,L,Men,2025-05-20T07:47:23.205262
Outerwear 989,6869440.0,4.2,3,XL,Women,2025-05-20T07:47:23.205694
Jacket 990,3327360.0,4.2,3,XXL,Unisex,2025-05-20T07:47:23.206115
T-shirt 992,4840480.0,4.9,3,M,Women,2025-05-20T07:47:23.206968
Hoodie 993,6361920.0,3.4,3,L,Unisex,2025-05-20T07:47:23.207382
Pants 994,1693760.0,4.4,3,XL,Men,2025-05-20T07:47:23.207811
Outerwear 995,8046720.0,3.2,3,XXL,Women,2025-05-20T07:47:23.208229
Jacket 996,6942400.0,4.3,3,S,Unisex,2025-05-20T07:47:23.208660
Crewneck 997,5321280.0,3.9,3,M,Men,2025-05-20T07:47:23.209079
T-shirt 998,908000.0,4.2,3,L,Women,2025-05-20T07:47:23.209499
Hoodie 999,8534240.0,4.8,3,XL,Unisex,2025-05-20T07:47:23.209936
Pants 1000,2938240.0,4.7,3,XXL,Men,2025-05-20T07:47:23.210354
